{
  "metadata": {
    "n_samples": 100,
    "seed": 42,
    "material": "granite",
    "scale": 0.001,
    "scale_hypothesis_posterior": {
      "user": 1.0
    }
  },
  "geometry": {
    "volume_m3": {
      "median": 7.252236438461526e-11,
      "mean": 7.249653284377288e-11,
      "ci_50": [
        7.233566019354413e-11,
        7.266076655261805e-11
      ],
      "ci_95": [
        7.173067311384275e-11,
        7.329872276678616e-11
      ]
    },
    "max_depth_mm": {
      "median": 0.13666997592753816,
      "mean": 0.13667628560540776,
      "ci_50": [
        0.13631242076542802,
        0.1369655939353303
      ],
      "ci_95": [
        0.13592581652390037,
        0.1377739171910284
      ]
    },
    "mean_depth_mm": {
      "median": 0.036580974589602445,
      "mean": 0.03657924353394105,
      "ci_50": [
        0.036471902478080076,
        0.03667646904057976
      ],
      "ci_95": [
        0.03621957233374749,
        0.03703186155559222
      ]
    }
  },
  "directionality": {
    "prob_ascent": {
      "median": 0.5480037329901373,
      "mean": 0.5480034053518658,
      "ci_50": [
        0.5480008661334833,
        0.5480055553643659
      ],
      "ci_95": [
        0.5479979277456263,
        0.5480092090483025
      ]
    },
    "nosing_ratio": {
      "median": 0.9999443515989347,
      "mean": 0.9999446152655627,
      "ci_50": [
        0.9999428850358529,
        0.999946658711409
      ],
      "ci_95": [
        0.9999399447156956,
        0.9999490233861782
      ]
    },
    "axis_ambiguous": false,
    "classification": "ASCENT (55% [55-55%])",
    "simple_classification": "ASCENT"
  },
  "traffic_conditional": {
    "total_steps": {
      "median": 29647.292163924692,
      "mean": 39082.70892488102,
      "ci_50": [
        20133.756537811332,
        51173.814462976305
      ],
      "ci_95": [
        6230.140358462335,
        116078.82682545033
      ]
    },
    "daily_50y": {
      "median": 1.6245091596671064,
      "mean": 2.1415182972537545,
      "ci_50": [
        1.1032195363184292,
        2.804044628108291
      ],
      "ci_95": [
        0.3413775538883471,
        6.360483661668512
      ]
    },
    "daily_100y": {
      "median": 0.8122545798335532,
      "mean": 1.0707591486268773,
      "ci_50": [
        0.5516097681592146,
        1.4020223140541455
      ],
      "ci_95": [
        0.17068877694417356,
        3.180241830834256
      ]
    },
    "daily_200y": {
      "median": 0.4061272899167766,
      "mean": 0.5353795743134386,
      "ci_50": [
        0.2758048840796073,
        0.7010111570270727
      ],
      "ci_95": [
        0.08534438847208678,
        1.590120915417128
      ]
    },
    "daily_500y": {
      "median": 0.16245091596671063,
      "mean": 0.21415182972537547,
      "ci_50": [
        0.11032195363184293,
        0.2804044628108291
      ],
      "ci_95": [
        0.03413775538883471,
        0.6360483661668511
      ]
    },
    "daily_1000y": {
      "median": 0.08122545798335531,
      "mean": 0.10707591486268773,
      "ci_50": [
        0.05516097681592146,
        0.14020223140541455
      ],
      "ci_95": [
        0.017068877694417357,
        0.31802418308342556
      ]
    },
    "sensitivity": {
      "k_spec": 0.7993557919930292,
      "scale": 0.017850619320351268,
      "plane": 0.02081733897874186,
      "grf": 0.08300197533398918,
      "slip": 0.07897427437388842
    },
    "dominant_source": "k_spec"
  },
  "flags": {
    "scale_ambiguous": false,
    "weak_plane_fit": false
  }
}